<keymap version="1" name="macOS copy" parent="Mac OS X 10.5+">
  <action id="ActivateBuildToolWindow">
    <keyboard-shortcut first-keystroke="meta 2" />
  </action>
  <action id="ActivateDebugToolWindow">
    <keyboard-shortcut first-keystroke="meta 4" />
  </action>
  <action id="ActivateDeviceManagerToolWindow">
    <keyboard-shortcut first-keystroke="meta 8" />
  </action>
  <action id="ActivateFavoritesToolWindow" />
  <action id="ActivateFindToolWindow" />
  <action id="ActivateLogcatToolWindow">
    <keyboard-shortcut first-keystroke="meta 5" />
  </action>
  <action id="ActivateProblemsViewToolWindow" />
  <action id="ActivateRunToolWindow">
    <keyboard-shortcut first-keystroke="meta 3" />
  </action>
  <action id="ActivateServicesToolWindow" />
  <action id="ActivateStructureToolWindow" />
  <action id="ActivateTerminalToolWindow">
    <keyboard-shortcut first-keystroke="meta 6" />
  </action>
  <action id="ActivateVersionControlToolWindow">
    <keyboard-shortcut first-keystroke="meta 7" />
  </action>
  <action id="Android.SyncProject">
    <keyboard-shortcut first-keystroke="ctrl s" />
  </action>
  <action id="AndroidConnectDebuggerAction">
    <keyboard-shortcut first-keystroke="alt d" />
  </action>
  <action id="ChangesView.GroupBy.Module" />
  <action id="CleanGradleProject">
    <keyboard-shortcut first-keystroke="ctrl c" />
  </action>
  <action id="CompileDirty">
    <keyboard-shortcut first-keystroke="meta f9" />
    <keyboard-shortcut first-keystroke="ctrl m" />
  </action>
  <action id="DuplicatesForm.SendToRight" />
  <action id="EditorMatchBrace" />
  <action id="FileChooser.GotoModule" />
  <action id="FileChooser.GotoProject" />
  <action id="FileStructurePopup">
    <keyboard-shortcut first-keystroke="alt s" />
  </action>
  <action id="GotoAction">
    <keyboard-shortcut first-keystroke="alt a" />
  </action>
  <action id="RecentFiles">
    <keyboard-shortcut first-keystroke="alt r" />
  </action>
  <action id="SelectInProjectView">
    <keyboard-shortcut first-keystroke="alt 1" />
  </action>
  <action id="SplitVertically">
    <keyboard-shortcut first-keystroke="ctrl alt v" />
  </action>
  <action id="TodoViewGroupByShowModules" />
  <action id="ToggleLineBreakpoint">
    <keyboard-shortcut first-keystroke="alt p" />
  </action>
  <action id="UsageGrouping.DirectoryStructure" />
  <action id="UsageGrouping.FileStructure" />
  <action id="UsageGrouping.Module" />
  <action id="Vcs.QuickListPopupAction" />
  <action id="Vcs.ShowMessageHistory">
    <keyboard-shortcut first-keystroke="meta e" />
  </action>
  <action id="XDebugger.AttachToProcess" />
  <action id="XDebugger.MuteBreakpoints">
    <keyboard-shortcut first-keystroke="ctrl alt p" />
  </action>
  <action id="android.deploy.ApplyChanges">
    <keyboard-shortcut first-keystroke="ctrl meta e" />
  </action>
  <action id="android.deploy.CodeSwap">
    <keyboard-shortcut first-keystroke="shift ctrl meta e" />
  </action>
</keymap>