<keymap version="1" name="Default for macOS copy" parent="Mac OS X 10.5+">
  <action id="ActivateBuildToolWindow">
    <keyboard-shortcut first-keystroke="meta 2" />
  </action>
  <action id="ActivateDebugToolWindow">
    <keyboard-shortcut first-keystroke="meta 4" />
  </action>
  <action id="ActivateFavoritesToolWindow" />
  <action id="ActivateFindToolWindow" />
  <action id="ActivateGradleToolWindow">
    <keyboard-shortcut first-keystroke="meta 5" />
  </action>
  <action id="ActivateLogcatToolWindow">
    <keyboard-shortcut first-keystroke="alt 6" />
  </action>
  <action id="ActivateProblemsViewToolWindow" />
  <action id="ActivateRunToolWindow">
    <keyboard-shortcut first-keystroke="meta 3" />
  </action>
  <action id="ActivateStructureToolWindow" />
  <action id="ActivateTODOToolWindow" />
  <action id="ActivateTerminalToolWindow">
    <keyboard-shortcut first-keystroke="meta 6" />
  </action>
  <action id="ActivateVersionControlToolWindow">
    <keyboard-shortcut first-keystroke="meta 7" />
  </action>
  <action id="Android.SyncProject">
    <keyboard-shortcut first-keystroke="ctrl s" />
  </action>
  <action id="AndroidConnectDebuggerAction">
    <keyboard-shortcut first-keystroke="ctrl alt d" />
  </action>
  <action id="ChangesView.GroupBy.Module" />
  <action id="ChooseDebugConfiguration" />
  <action id="CleanGradleProject">
    <keyboard-shortcut first-keystroke="alt c" />
  </action>
  <action id="CompileDirty">
    <keyboard-shortcut first-keystroke="ctrl m" />
  </action>
  <action id="DuplicatesForm.SendToRight" />
  <action id="EditorMatchBrace" />
  <action id="FileChooser.GotoModule" />
  <action id="FileChooser.GotoProject" />
  <action id="FileStructurePopup">
    <keyboard-shortcut first-keystroke="alt s" />
  </action>
  <action id="Github.Create.Pull.Request">
    <keyboard-shortcut first-keystroke="shift meta p" />
  </action>
  <action id="GotoAction">
    <keyboard-shortcut first-keystroke="alt a" />
  </action>
  <action id="QuickJavaDoc">
    <keyboard-shortcut first-keystroke="f1" />
    <keyboard-shortcut first-keystroke="ctrl j" />
    <mouse-shortcut keystroke="control button2" />
    <keyboard-shortcut first-keystroke="alt q" />
  </action>
  <action id="RebuildGradleProject">
    <keyboard-shortcut first-keystroke="alt b" />
  </action>
  <action id="RecentFiles">
    <keyboard-shortcut first-keystroke="alt r" />
  </action>
  <action id="RunDashboard.Stop" />
  <action id="SplitVertically">
    <keyboard-shortcut first-keystroke="alt v" />
  </action>
  <action id="Stop" />
  <action id="TodoViewGroupByShowModules" />
  <action id="UsageGrouping.FileStructure" />
  <action id="UsageGrouping.Module" />
  <action id="Vcs.ShowMessageHistory">
    <keyboard-shortcut first-keystroke="meta e" />
  </action>
  <action id="android.deploy.ApplyChanges">
    <keyboard-shortcut first-keystroke="ctrl meta r" />
  </action>
  <action id="android.deploy.CodeSwap">
    <keyboard-shortcut first-keystroke="shift ctrl meta r" />
  </action>
</keymap>